[{
  "_id": {
    "$oid": "63b315e17e7cb6c3ce8111b5"
  },
  "ProductID": "1001",
  "ProductName": "KFC",
  "ProductPrice": 159
},{
  "_id": {
    "$oid": "63b316877e7cb6c3ce8111b7"
  },
  "ProductName": "MK",
  "ProductPrice": 599,
  "ProductID": "1002"
},{
  "_id": {
    "$oid": "63b316d47e7cb6c3ce8111b8"
  },
  "ProductID": "1003",
  "ProductName": "Mama",
  "ProductPrice": 15
},{
  "_id": {
    "$oid": "63b317657e7cb6c3ce8111bb"
  },
  "ProductID": "1004",
  "ProductName": "Omakase",
  "ProductPrice": 2999
}]